customer_id,customer_name,email,gender,city,postal_code,phone_number
1,Rowen,rgoodburn0@prnewswire.com,Male,Mzuzu,,121-388-7147
2,Maryjane,mroarty1@mlb.com,Female,Buenavista,8601,497-932-0866
3,Nona,nsaywell2@friendfeed.com,Female,Pouso Alegre,37550-000,383-951-2102
4,Ugo,umoulin3@abc.net.au,Male,Muravlenko,102293,953-237-7664
5,Jefferey,jplumridege4@yelp.com,Male,Si’en,,632-917-2539
6,Homerus,hlenaghen5@state.gov,Agender,Qutun,,539-419-7537
7,Hervey,hhalladay6@163.com,Male,Paraipaba,62685-000,737-537-7957
8,Horten,hscatcher7@constantcontact.com,Male,Lengkongsari,,165-155-5894
9,Gene,glambrecht8@java.com,Female,Menzel Bourguiba,,225-330-2041
10,Gloria,gpinhorn9@bizjournals.com,Female,San Fernando de Atabapo,,403-346-4800
11,Brannon,bpalombia@quantcast.com,Genderqueer,Valencia,6306,621-575-4880
12,Gordan,gingerb@wordpress.org,Male,Samobor,10430,618-325-0846
13,Daune,dbaradelc@comsenz.com,Female,Fullerton,92640,714-628-3238
14,Clerkclaude,ctodarellod@hp.com,Male,Orlovka,357311,615-864-1521
15,Alissa,arubinovicie@sakura.ne.jp,Genderqueer,Cartagena del Chairá,183027,832-338-3416
16,Lora,lcliffef@ox.ac.uk,Female,Vynohradove,,720-875-1492
17,Chucho,ccoffeeg@telegraph.co.uk,Male,Teupasenti,,654-975-1162
18,Brockie,bsibsonh@illinois.edu,Male,Kassándreia,,279-835-6050
19,Ramonda,rmcguckeni@macromedia.com,Female,La Guadalupe,71703,205-166-2831
20,Hubert,hmarleyj@sbwire.com,Male,Quezaltepeque,,605-377-1094
21,Christina,chodgenk@boston.com,Female,Velikiy Novgorod,173025,615-663-1247
22,Page,pmclisel@china.com.cn,Female,Shun’ga,186304,846-679-3413
23,Gertruda,ggrigolim@wisc.edu,Female,Farkhah,,481-638-3551
24,Dian,dotimonyn@github.com,Female,Quimper,29327 CEDEX,568-623-3475
25,Filberto,fbayntono@flickr.com,Male,Nanqiao,,550-320-6967
26,Micky,mtavernorp@newsvine.com,Male,Cô Tô,,867-435-7101
27,Jerrilyn,jfrentzq@squidoo.com,Female,Xishaqiao,,743-578-0895
28,Felice,ftelezhkinr@hhs.gov,Female,San Eduardo,7207,380-718-2209
29,Teriann,tswinnards@cargocollective.com,Genderqueer,Lakshmīpur,1553,294-613-3698
30,Audrie,aoffordt@yale.edu,Female,Kingsey Falls,T8H,244-150-8228
31,Normand,nfountaineu@narod.ru,Male,Garça,17400-000,877-555-5144
32,Fidelia,fkoppkev@xinhuanet.com,Female,Miringa,,514-437-3491
33,Matthias,mforkerw@usgs.gov,Male,Itanhandu,37464-000,272-340-2436
34,Cate,cchermx@cbslocal.com,Female,Zhujiang,,167-636-1881
35,Shay,srutleyy@who.int,Male,Shuanglong,,594-869-5314
36,Leland,labrianiz@mail.ru,Female,Créteil,94009 CEDEX,147-975-4020
37,Cassie,cyewdall10@so-net.ne.jp,Male,Buíque,56520-000,425-903-5355
38,Emylee,etucker11@phpbb.com,Female,Salor,,264-408-6636
39,Lind,lmeran12@businesswire.com,Female,Bajram Curri,,485-863-4413
40,Roy,rklee13@addthis.com,Male,Oslo,654,303-285-2455
41,Chip,cbuchett14@salon.com,Male,Airmolek,,982-374-5966
42,Jehanna,jrabier15@microsoft.com,Female,Zhangyang,,958-229-6880
43,Sheffie,sbowmer16@oracle.com,Male,Soriano,,387-937-5844
44,Gregg,gkrzyzaniak17@edublogs.org,Bigender,Praia da Vitória,9760-406,553-598-7244
45,Mozes,mheadington18@amazon.co.uk,Male,Sanhe,,719-589-9305
46,Gwenore,gmarkova19@huffingtonpost.com,Female,Minle,,405-543-6980
47,Sherwin,spaladini1a@liveinternet.ru,Male,Yongheshi,,506-641-5097
48,Maryann,mdowe1b@prweb.com,Female,Kruševica,35220,628-244-7163
49,Ellwood,emabey1c@twitpic.com,Male,Gaur,,373-739-8644
50,Bil,bpackwood1d@bloglines.com,Male,Vin’kivtsi,,755-895-3304